CREATE DATABASE IF NOT EXISTS master_db;

USE master_db;

-- master_db.CONSULTATIONS definition

CREATE TABLE `CONSULTATIONS` (
  `consultation_id` int(11) NOT NULL AUTO_INCREMENT,
  `MEDICATION_ID` int(11) DEFAULT NULL,
  `IDENTIFICATION_NUMBER_USER` varchar(13) DEFAULT NULL,
  `IDENTIFICATION_NUMBER_DOCTOR` varchar(13) DEFAULT NULL,
  `SCHEDULE` int(13) DEFAULT NULL,
  `OBSERVATION` varchar(255) DEFAULT NULL,
  `SYMBOL` varchar(10) DEFAULT NULL,
  `STATUS` varchar(1) DEFAULT NULL,
  PRIMARY KEY (`consultation_id`),
  KEY `MEDICATION_ID` (`MEDICATION_ID`),
  KEY `IDENTIFICATION_NUMBER_USER` (`IDENTIFICATION_NUMBER_USER`),
  KEY `IDENTIFICATION_NUMBER_DOCTOR` (`IDENTIFICATION_NUMBER_DOCTOR`),
  CONSTRAINT `CONSULTATIONS_ibfk_1` FOREIGN KEY (`MEDICATION_ID`) REFERENCES `MEDICATIONS` (`MEDICATION_ID`),
  CONSTRAINT `CONSULTATIONS_ibfk_2` FOREIGN KEY (`IDENTIFICATION_NUMBER_USER`) REFERENCES `USERS` (`IDENTIFICATION_NUMBER`),
  CONSTRAINT `CONSULTATIONS_ibfk_3` FOREIGN KEY (`IDENTIFICATION_NUMBER_DOCTOR`) REFERENCES `DOCTORS` (`IDENTIFICATION_NUMBER`)
) ENGINE=InnoDB AUTO_INCREMENT=23 DEFAULT CHARSET=utf8;
INSERT INTO master_db.CONSULTATIONS (consultation_id, MEDICATION_ID, IDENTIFICATION_NUMBER_USER, IDENTIFICATION_NUMBER_DOCTOR, SCHEDULE, OBSERVATION, SYMBOL, STATUS) VALUES(6, 2, '4567890123456', '9876543210987', 4, 'This is a prove', 'HOURS', '0');
INSERT INTO master_db.CONSULTATIONS (consultation_id, MEDICATION_ID, IDENTIFICATION_NUMBER_USER, IDENTIFICATION_NUMBER_DOCTOR, SCHEDULE, OBSERVATION, SYMBOL, STATUS) VALUES(19, 2, '1234567890123', '1718302951001', 5, 'prove 5', 'H', '1');
INSERT INTO master_db.CONSULTATIONS (consultation_id, MEDICATION_ID, IDENTIFICATION_NUMBER_USER, IDENTIFICATION_NUMBER_DOCTOR, SCHEDULE, OBSERVATION, SYMBOL, STATUS) VALUES(20, 2, '1234567890123', '9876543210987', 6, 'prove 6', 'H', '1');
INSERT INTO master_db.CONSULTATIONS (consultation_id, MEDICATION_ID, IDENTIFICATION_NUMBER_USER, IDENTIFICATION_NUMBER_DOCTOR, SCHEDULE, OBSERVATION, SYMBOL, STATUS) VALUES(22, 1, '1234567890123', '1718302951001', 99, 'HOLAA99', 'H', '1');


-- master_db.DOCTORS definition

CREATE TABLE `DOCTORS` (
  `IDENTIFICATION_NUMBER` varchar(13) NOT NULL,
  `NAME` varchar(255) DEFAULT NULL,
  `PHOTO` varchar(300) DEFAULT NULL,
  PRIMARY KEY (`IDENTIFICATION_NUMBER`)
) ENGINE=InnoDB DEFAULT CHARSET=utf8;

INSERT INTO master_db.DOCTORS (IDENTIFICATION_NUMBER, NAME, PHOTO) VALUES('1718302951001', 'KATHERINE LOZANO', 'https://img.freepik.com/foto-gratis/hermosa-joven-doctora-mirando-camara-oficina_1301-7807.jpg');
INSERT INTO master_db.DOCTORS (IDENTIFICATION_NUMBER, NAME, PHOTO) VALUES('9876543210987', 'EDWIN AVILA', 'https://img.freepik.com/foto-gratis/retrato-atractivo-medico-masculino_329181-622.jpg?w=2000');


-- master_db.MEDICATIONS definition

CREATE TABLE `MEDICATIONS` (
  `MEDICATION_ID` int(11) NOT NULL AUTO_INCREMENT,
  `NAME` varchar(255) DEFAULT NULL,
  `PHOTO` varchar(300) DEFAULT NULL,
  `AMOUNT` varchar(255) DEFAULT NULL,
  `ID_VUFORIA` varchar(300) DEFAULT NULL,
  PRIMARY KEY (`MEDICATION_ID`)
) ENGINE=InnoDB AUTO_INCREMENT=4 DEFAULT CHARSET=utf8;

INSERT INTO master_db.MEDICATIONS (MEDICATION_ID, NAME, PHOTO, AMOUNT, ID_VUFORIA) VALUES(1, 'AZITROMICINA', 'https://encrypted-tbn0.gstatic.com/images?q=tbn:ANd9GcTvCAW6jW4jPwerruXO-aSX_lhsdKQmSx98AV8i19BkMJbgXFkPOe_yjQKYIgKro5QwHvc&usqp=CAU', '500 mg', 'af8f54f7b2e3442a92ca90869fa228fa');
INSERT INTO master_db.MEDICATIONS (MEDICATION_ID, NAME, PHOTO, AMOUNT, ID_VUFORIA) VALUES(2, 'IBUPROFENO', 'https://www.fybeca.com/on/demandware.static/-/Sites-masterCatalog_FybecaEcuador/default/dwdcd70cfb/images/large/100087929-SINDLOR-CAPSULAS-LIQUIDAS-600-MG-UNIDAD.jpg', '400 mg', '8b3cd1b19a3b43369e26973f7ca629c2');
INSERT INTO master_db.MEDICATIONS (MEDICATION_ID, NAME, PHOTO, AMOUNT, ID_VUFORIA) VALUES(3, 'PARACETAMOL', 'https://farmex.cl/cdn/shop/products/alividol-paracetamol-500-mg-x-24-comprimidos-opko-940031.jpg?v=1692989439', '500 mg', 'ea46c81ac4fb4956883a66ca79c8f11b');


-- master_db.USERS definition

CREATE TABLE `USERS` (
  `IDENTIFICATION_NUMBER` varchar(13) NOT NULL,
  `FIRST_NAME` varchar(100) DEFAULT NULL,
  `SECOND_NAME` varchar(100) DEFAULT NULL,
  `LAST_NAME` varchar(100) DEFAULT NULL,
  `SECOND_LASTNAME` varchar(100) DEFAULT NULL,
  `DATE_BIRTH` date DEFAULT NULL,
  `EMAIL` varchar(100) DEFAULT NULL,
  `PHONE` varchar(20) DEFAULT NULL,
  `CELLPHONE` varchar(20) DEFAULT NULL,
  `GENDER` varchar(1) DEFAULT NULL,
  `USERNAME` varchar(100) DEFAULT NULL,
  `PASSWORD` varchar(100) DEFAULT NULL,
  `photo` blob,
  PRIMARY KEY (`IDENTIFICATION_NUMBER`)
) ENGINE=InnoDB DEFAULT CHARSET=utf8;

INSERT INTO master_db.USERS (IDENTIFICATION_NUMBER, FIRST_NAME, SECOND_NAME, LAST_NAME, SECOND_LASTNAME, DATE_BIRTH, EMAIL, PHONE, CELLPHONE, GENDER, USERNAME, PASSWORD, photo) VALUES('1234567890123', 'John', NULL, 'Doe', NULL, '1990-01-15', 'john@example.com', NULL, NULL, 'M', 'johndoe', 'password123', NULL);
INSERT INTO master_db.USERS (IDENTIFICATION_NUMBER, FIRST_NAME, SECOND_NAME, LAST_NAME, SECOND_LASTNAME, DATE_BIRTH, EMAIL, PHONE, CELLPHONE, GENDER, USERNAME, PASSWORD, photo) VALUES('4567890123456', 'Michael', NULL, 'Johnson', NULL, '1988-11-03', 'michael@example.com', NULL, NULL, 'M', 'michaelj', 'mikepass', NULL);
INSERT INTO master_db.USERS (IDENTIFICATION_NUMBER, FIRST_NAME, SECOND_NAME, LAST_NAME, SECOND_LASTNAME, DATE_BIRTH, EMAIL, PHONE, CELLPHONE, GENDER, USERNAME, PASSWORD, photo) VALUES('9876543210987', 'Jane', NULL, 'Smith', NULL, '1995-05-20', 'jane@example.com', NULL, NULL, 'F', 'janesmith', 'pass987', NULL);

